{"cameraMode":{"drawMode":0,"name":"Shaded","section":"Shading Mode"},"sceneLighting":true,"audioPlay":false,"sceneViewState":{"showFog":true,"showMaterialUpdate":false,"showSkybox":true,"showFlares":true,"showImageEffects":true,"showParticleSystems":true},"in2DMode":false,"pivot":{"x":8.1474609375,"y":10.66259765625,"z":-19.736328125},"rotation":{"x":0.13211753964424134,"y":0.18908661603927613,"z":-0.02568276971578598,"w":0.9726945757865906},"size":14.069287300109864,"orthographic":true}